{
  "formatVersion": 1,
  "database": {
    "version": 1,
    "identityHash": "32e468030e94a79d4b40626578c75a52",
    "entities": [
      {
        "tableName": "einkaufs_produkt",
        "createSql": "CREATE TABLE IF NOT EXISTS `${TABLE_NAME}` (`produkt_name` TEXT NOT NULL, `produkt_anzahl` INTEGER NOT NULL, `id` INTEGER PRIMARY KEY AUTOINCREMENT)",
        "fields": [
          {
            "fieldPath": "name",
            "columnName": "produkt_name",
            "affinity": "TEXT",
            "notNull": true
          },
          {
            "fieldPath": "anzahl",
            "columnName": "produkt_anzahl",
            "affinity": "INTEGER",
            "notNull": true
          },
          {
            "fieldPath": "id",
            "columnName": "id",
            "affinity": "INTEGER",
            "notNull": false
          }
        ],
        "primaryKey": {
          "columnNames": [
            "id"
          ],
          "autoGenerate": true
        },
        "indices": [],
        "foreignKeys": []
      },
      {
        "tableName": "vorrat_produkt",
        "createSql": "CREATE TABLE IF NOT EXISTS `${TABLE_NAME}` (`vprodukt_name` TEXT NOT NULL, `vprodukt_anzahl` INTEGER NOT NULL, `vprodukt_datum` TEXT, `id` INTEGER PRIMARY KEY AUTOINCREMENT)",
        "fields": [
          {
            "fieldPath": "name",
            "columnName": "vprodukt_name",
            "affinity": "TEXT",
            "notNull": true
          },
          {
            "fieldPath": "anzahl",
            "columnName": "vprodukt_anzahl",
            "affinity": "INTEGER",
            "notNull": true
          },
          {
            "fieldPath": "datum",
            "columnName": "vprodukt_datum",
            "affinity": "TEXT",
            "notNull": false
          },
          {
            "fieldPath": "id",
            "columnName": "id",
            "affinity": "INTEGER",
            "notNull": false
          }
        ],
        "primaryKey": {
          "columnNames": [
            "id"
          ],
          "autoGenerate": true
        },
        "indices": [],
        "foreignKeys": []
      }
    ],
    "views": [],
    "setupQueries": [
      "CREATE TABLE IF NOT EXISTS room_master_table (id INTEGER PRIMARY KEY,identity_hash TEXT)",
      "INSERT OR REPLACE INTO room_master_table (id,identity_hash) VALUES(42, '32e468030e94a79d4b40626578c75a52')"
    ]
  }
}